Text,Label
How do I save money for retirement?,financial_advice
What's the best way to manage debt?,financial_advice
What types of financial accounts should I have?,financial_advice
Help me create a budget.,financial_advice
How do I build an emergency fund?,financial_advice
Help me create a budget.,financial_advice
Should I open a savings account?,financial_advice
Should I open a savings account?,financial_advice
How do I build an emergency fund?,financial_advice
What are the best savings plans?,financial_advice
How do I save money for retirement?,financial_advice
What types of financial accounts should I have?,financial_advice
What types of financial accounts should I have?,financial_advice
How do I build an emergency fund?,financial_advice
How do I build an emergency fund?,financial_advice
How can I get financial advice?,financial_advice
How do I build an emergency fund?,financial_advice
How can I get financial advice?,financial_advice
How can I get financial advice?,financial_advice
What is the stock market and how does it work?,financial_advice
What's the best way to manage debt?,financial_advice
What is the stock market and how does it work?,financial_advice
Can you suggest investment options?,financial_advice
Help me create a budget.,financial_advice
What types of financial accounts should I have?,financial_advice
What is the stock market and how does it work?,financial_advice
What are the best savings plans?,financial_advice
What types of financial accounts should I have?,financial_advice
Help me create a budget.,financial_advice
How do I build an emergency fund?,financial_advice
What types of financial accounts should I have?,financial_advice
Should I open a savings account?,financial_advice
How do I build an emergency fund?,financial_advice
How do I save money for retirement?,financial_advice
What's the best way to manage debt?,financial_advice
How do I save money for retirement?,financial_advice
Can you suggest investment options?,financial_advice
Help me create a budget.,financial_advice
What are the best savings plans?,financial_advice
Can you suggest investment options?,financial_advice
What types of financial accounts should I have?,financial_advice
How do I save money for retirement?,financial_advice
What's the best way to manage debt?,financial_advice
How do I build an emergency fund?,financial_advice
What are the best savings plans?,financial_advice
How do I save money for retirement?,financial_advice
How do I build an emergency fund?,financial_advice
What types of financial accounts should I have?,financial_advice
What's the best way to manage debt?,financial_advice
Can you suggest investment options?,financial_advice
What types of financial accounts should I have?,financial_advice
What is the stock market and how does it work?,financial_advice
What's the best way to manage debt?,financial_advice
Should I open a savings account?,financial_advice
How can I get financial advice?,financial_advice
How do I build an emergency fund?,financial_advice
How do I build an emergency fund?,financial_advice
How do I save money for retirement?,financial_advice
How do I save money for retirement?,financial_advice
How can I get financial advice?,financial_advice
Help me create a budget.,financial_advice
What types of financial accounts should I have?,financial_advice
How do I save money for retirement?,financial_advice
How do I build an emergency fund?,financial_advice
Help me create a budget.,financial_advice
How can I get financial advice?,financial_advice
How do I build an emergency fund?,financial_advice
How can I get financial advice?,financial_advice
What are the best savings plans?,financial_advice
What are the best savings plans?,financial_advice
How do I save money for retirement?,financial_advice
What is the stock market and how does it work?,financial_advice
What is the stock market and how does it work?,financial_advice
Should I open a savings account?,financial_advice
How do I build an emergency fund?,financial_advice
How do I save money for retirement?,financial_advice
Should I open a savings account?,financial_advice
What are the best savings plans?,financial_advice
Should I open a savings account?,financial_advice
Should I open a savings account?,financial_advice
What's the best way to manage debt?,financial_advice
How do I build an emergency fund?,financial_advice
What is the stock market and how does it work?,financial_advice
Can you suggest investment options?,financial_advice
What's the best way to manage debt?,financial_advice
What types of financial accounts should I have?,financial_advice
Help me create a budget.,financial_advice
What is the stock market and how does it work?,financial_advice
Can you suggest investment options?,financial_advice
How do I save money for retirement?,financial_advice
How do I save money for retirement?,financial_advice
Can you suggest investment options?,financial_advice
Should I open a savings account?,financial_advice
How do I build an emergency fund?,financial_advice
Should I open a savings account?,financial_advice
How can I get financial advice?,financial_advice
Should I open a savings account?,financial_advice
How do I build an emergency fund?,financial_advice
What is the stock market and how does it work?,financial_advice
Can you suggest investment options?,financial_advice
My card is expired.,card_issue
I need to activate my new debit card.,card_issue
"My credit card limit is too low, can I increase it?",card_issue
I need to activate my new debit card.,card_issue
How can I request a replacement card?,card_issue
What do I do if my credit card is blocked?,card_issue
What do I do if my credit card is blocked?,card_issue
How do I report a lost card?,card_issue
What should I do if my card was stolen?,card_issue
How can I request a replacement card?,card_issue
My card got declined at the store.,card_issue
My card is expired.,card_issue
I need to activate my new debit card.,card_issue
How do I report a lost card?,card_issue
How do I dispute a charge on my card?,card_issue
What should I do if my card was stolen?,card_issue
What do I do if my credit card is blocked?,card_issue
Why can't I use my card for online purchases?,card_issue
My card is expired.,card_issue
Why can't I use my card for online purchases?,card_issue
How do I dispute a charge on my card?,card_issue
How do I report a lost card?,card_issue
My card got declined at the store.,card_issue
How do I dispute a charge on my card?,card_issue
How do I dispute a charge on my card?,card_issue
I need to activate my new debit card.,card_issue
How do I report a lost card?,card_issue
My card is expired.,card_issue
How do I report a lost card?,card_issue
My card got declined at the store.,card_issue
My card got declined at the store.,card_issue
How do I dispute a charge on my card?,card_issue
How do I report a lost card?,card_issue
How do I report a lost card?,card_issue
My card is expired.,card_issue
My card got declined at the store.,card_issue
What should I do if my card was stolen?,card_issue
I need to activate my new debit card.,card_issue
What do I do if my credit card is blocked?,card_issue
What do I do if my credit card is blocked?,card_issue
Why can't I use my card for online purchases?,card_issue
"My credit card limit is too low, can I increase it?",card_issue
How do I report a lost card?,card_issue
How do I report a lost card?,card_issue
What do I do if my credit card is blocked?,card_issue
What do I do if my credit card is blocked?,card_issue
How can I request a replacement card?,card_issue
How do I report a lost card?,card_issue
My card got declined at the store.,card_issue
I need to activate my new debit card.,card_issue
What do I do if my credit card is blocked?,card_issue
How do I dispute a charge on my card?,card_issue
What do I do if my credit card is blocked?,card_issue
How do I dispute a charge on my card?,card_issue
I need to activate my new debit card.,card_issue
How do I dispute a charge on my card?,card_issue
How do I report a lost card?,card_issue
How do I report a lost card?,card_issue
My card is expired.,card_issue
My card is expired.,card_issue
My card is expired.,card_issue
Why can't I use my card for online purchases?,card_issue
"My credit card limit is too low, can I increase it?",card_issue
What should I do if my card was stolen?,card_issue
How do I dispute a charge on my card?,card_issue
My card is expired.,card_issue
My card is expired.,card_issue
I need to activate my new debit card.,card_issue
"My credit card limit is too low, can I increase it?",card_issue
How can I request a replacement card?,card_issue
How do I dispute a charge on my card?,card_issue
Why can't I use my card for online purchases?,card_issue
What do I do if my credit card is blocked?,card_issue
How do I report a lost card?,card_issue
Why can't I use my card for online purchases?,card_issue
How can I request a replacement card?,card_issue
I need to activate my new debit card.,card_issue
What do I do if my credit card is blocked?,card_issue
How do I report a lost card?,card_issue
"My credit card limit is too low, can I increase it?",card_issue
"My credit card limit is too low, can I increase it?",card_issue
How do I report a lost card?,card_issue
How do I dispute a charge on my card?,card_issue
How do I report a lost card?,card_issue
How do I report a lost card?,card_issue
My card got declined at the store.,card_issue
How do I dispute a charge on my card?,card_issue
I need to activate my new debit card.,card_issue
How can I request a replacement card?,card_issue
What should I do if my card was stolen?,card_issue
How can I request a replacement card?,card_issue
How do I dispute a charge on my card?,card_issue
How do I report a lost card?,card_issue
My card got declined at the store.,card_issue
How do I dispute a charge on my card?,card_issue
How can I request a replacement card?,card_issue
Why can't I use my card for online purchases?,card_issue
"My credit card limit is too low, can I increase it?",card_issue
What should I do if my card was stolen?,card_issue
What do I do if my credit card is blocked?,card_issue
What do I do if I forgot my password?,account_access
Can you help me recover my account?,account_access
How can I change my account username?,account_access
What is two-factor authentication and how does it work?,account_access
How can I unlock my account?,account_access
How can I change my account username?,account_access
How can I change my account username?,account_access
Why can't I log in to my account?,account_access
How can I change my account username?,account_access
Why can't I log in to my account?,account_access
I can't access my account.,account_access
"I’m locked out of my online banking, what should I do?",account_access
How can I change my account username?,account_access
How can I unlock my account?,account_access
Can you help me recover my account?,account_access
"I’m locked out of my online banking, what should I do?",account_access
Can you help me recover my account?,account_access
How do I reset my account password?,account_access
How can I change my account username?,account_access
What do I do if I forgot my password?,account_access
How can I unlock my account?,account_access
How can I change my account username?,account_access
I can't access my account.,account_access
How can I unlock my account?,account_access
How do I update my account security settings?,account_access
How can I unlock my account?,account_access
"I’m locked out of my online banking, what should I do?",account_access
How can I unlock my account?,account_access
Why can't I log in to my account?,account_access
What is two-factor authentication and how does it work?,account_access
How can I change my account username?,account_access
How do I reset my account password?,account_access
What do I do if I forgot my password?,account_access
"I’m locked out of my online banking, what should I do?",account_access
How can I change my account username?,account_access
How do I update my account security settings?,account_access
How can I change my account username?,account_access
How do I update my account security settings?,account_access
How can I change my account username?,account_access
How do I reset my account password?,account_access
What do I do if I forgot my password?,account_access
How do I reset my account password?,account_access
How do I reset my account password?,account_access
How can I change my account username?,account_access
How do I update my account security settings?,account_access
How do I update my account security settings?,account_access
Why can't I log in to my account?,account_access
How can I unlock my account?,account_access
Why can't I log in to my account?,account_access
Why can't I log in to my account?,account_access
I can't access my account.,account_access
Can you help me recover my account?,account_access
Can you help me recover my account?,account_access
What is two-factor authentication and how does it work?,account_access
Why can't I log in to my account?,account_access
What do I do if I forgot my password?,account_access
Why can't I log in to my account?,account_access
How can I change my account username?,account_access
How can I unlock my account?,account_access
What do I do if I forgot my password?,account_access
Why can't I log in to my account?,account_access
Why can't I log in to my account?,account_access
What is two-factor authentication and how does it work?,account_access
How do I update my account security settings?,account_access
Why can't I log in to my account?,account_access
How can I unlock my account?,account_access
How can I change my account username?,account_access
How do I update my account security settings?,account_access
Why can't I log in to my account?,account_access
What do I do if I forgot my password?,account_access
What do I do if I forgot my password?,account_access
I can't access my account.,account_access
How do I reset my account password?,account_access
Can you help me recover my account?,account_access
How do I update my account security settings?,account_access
What is two-factor authentication and how does it work?,account_access
How do I reset my account password?,account_access
I can't access my account.,account_access
What is two-factor authentication and how does it work?,account_access
Why can't I log in to my account?,account_access
How can I change my account username?,account_access
How do I reset my account password?,account_access
How can I unlock my account?,account_access
What is two-factor authentication and how does it work?,account_access
What is two-factor authentication and how does it work?,account_access
How can I change my account username?,account_access
How can I change my account username?,account_access
How can I change my account username?,account_access
How can I unlock my account?,account_access
How can I unlock my account?,account_access
Why can't I log in to my account?,account_access
How do I reset my account password?,account_access
"I’m locked out of my online banking, what should I do?",account_access
How do I update my account security settings?,account_access
"I’m locked out of my online banking, what should I do?",account_access
How can I change my account username?,account_access
How can I change my account username?,account_access
Why can't I log in to my account?,account_access
What is two-factor authentication and how does it work?,account_access
What do I do if I forgot my password?,account_access
The app froze while I was trying to make a transaction.,technical_issue
Why is my transaction not appearing in the app?,technical_issue
I'm getting an error message when I try to log in.,technical_issue
How do I fix the app crashing?,technical_issue
How do I fix the app crashing?,technical_issue
"My banking app keeps crashing, how do I fix it?",technical_issue
"My banking app keeps crashing, how do I fix it?",technical_issue
Why is my transaction not appearing in the app?,technical_issue
Why is my banking app slow?,technical_issue
How do I fix the app crashing?,technical_issue
"The website isn't working properly, can you help?",technical_issue
"The website isn't working properly, can you help?",technical_issue
How do I fix the app crashing?,technical_issue
The mobile app keeps logging me out automatically.,technical_issue
"My banking app keeps crashing, how do I fix it?",technical_issue
"The app is not loading, what should I do?",technical_issue
The app froze while I was trying to make a transaction.,technical_issue
The mobile app keeps logging me out automatically.,technical_issue
The app froze while I was trying to make a transaction.,technical_issue
I can't log into my online banking on the mobile app.,technical_issue
The mobile app keeps logging me out automatically.,technical_issue
Why is my banking app slow?,technical_issue
"My banking app keeps crashing, how do I fix it?",technical_issue
Why is my banking app slow?,technical_issue
I'm getting an error message when I try to log in.,technical_issue
"My banking app keeps crashing, how do I fix it?",technical_issue
The mobile app keeps logging me out automatically.,technical_issue
Why is my transaction not appearing in the app?,technical_issue
"My banking app keeps crashing, how do I fix it?",technical_issue
"The website isn't working properly, can you help?",technical_issue
The app froze while I was trying to make a transaction.,technical_issue
"My banking app keeps crashing, how do I fix it?",technical_issue
I'm getting an error message when I try to log in.,technical_issue
How do I fix the app crashing?,technical_issue
How do I fix the app crashing?,technical_issue
"The website isn't working properly, can you help?",technical_issue
"The app is not loading, what should I do?",technical_issue
"The website isn't working properly, can you help?",technical_issue
Why is my transaction not appearing in the app?,technical_issue
I can't log into my online banking on the mobile app.,technical_issue
Why is my transaction not appearing in the app?,technical_issue
The app froze while I was trying to make a transaction.,technical_issue
"The app is not loading, what should I do?",technical_issue
How do I fix the app crashing?,technical_issue
How do I fix the app crashing?,technical_issue
"The website isn't working properly, can you help?",technical_issue
I'm getting an error message when I try to log in.,technical_issue
"My banking app keeps crashing, how do I fix it?",technical_issue
Why is my banking app slow?,technical_issue
"The website isn't working properly, can you help?",technical_issue
The mobile app keeps logging me out automatically.,technical_issue
Why is my transaction not appearing in the app?,technical_issue
The app froze while I was trying to make a transaction.,technical_issue
"The website isn't working properly, can you help?",technical_issue
"The website isn't working properly, can you help?",technical_issue
I'm getting an error message when I try to log in.,technical_issue
The app froze while I was trying to make a transaction.,technical_issue
The mobile app keeps logging me out automatically.,technical_issue
The app froze while I was trying to make a transaction.,technical_issue
"The website isn't working properly, can you help?",technical_issue
Why is my banking app slow?,technical_issue
I can't log into my online banking on the mobile app.,technical_issue
"My banking app keeps crashing, how do I fix it?",technical_issue
Why is my transaction not appearing in the app?,technical_issue
I can't log into my online banking on the mobile app.,technical_issue
How do I fix the app crashing?,technical_issue
"The website isn't working properly, can you help?",technical_issue
"My banking app keeps crashing, how do I fix it?",technical_issue
Why is my transaction not appearing in the app?,technical_issue
The mobile app keeps logging me out automatically.,technical_issue
"The app is not loading, what should I do?",technical_issue
"My banking app keeps crashing, how do I fix it?",technical_issue
I'm getting an error message when I try to log in.,technical_issue
"The website isn't working properly, can you help?",technical_issue
I'm getting an error message when I try to log in.,technical_issue
I'm getting an error message when I try to log in.,technical_issue
I'm getting an error message when I try to log in.,technical_issue
The app froze while I was trying to make a transaction.,technical_issue
I'm getting an error message when I try to log in.,technical_issue
"My banking app keeps crashing, how do I fix it?",technical_issue
Why is my banking app slow?,technical_issue
"The website isn't working properly, can you help?",technical_issue
The app froze while I was trying to make a transaction.,technical_issue
Why is my transaction not appearing in the app?,technical_issue
Why is my transaction not appearing in the app?,technical_issue
How do I fix the app crashing?,technical_issue
The app froze while I was trying to make a transaction.,technical_issue
Why is my banking app slow?,technical_issue
The mobile app keeps logging me out automatically.,technical_issue
"The app is not loading, what should I do?",technical_issue
"The website isn't working properly, can you help?",technical_issue
"The app is not loading, what should I do?",technical_issue
"The website isn't working properly, can you help?",technical_issue
Why is my banking app slow?,technical_issue
The mobile app keeps logging me out automatically.,technical_issue
"My banking app keeps crashing, how do I fix it?",technical_issue
The mobile app keeps logging me out automatically.,technical_issue
I can't log into my online banking on the mobile app.,technical_issue
Why is my banking app slow?,technical_issue
Why is my banking app slow?,technical_issue
Why is my payment pending?,transaction_issue
My transfer didn't appear in my account.,transaction_issue
Why is my payment pending?,transaction_issue
Why was my payment declined?,transaction_issue
Why was my payment declined?,transaction_issue
I was charged twice for the same transaction.,transaction_issue
My transfer didn't appear in my account.,transaction_issue
I can't complete my payment.,transaction_issue
My transfer didn't appear in my account.,transaction_issue
Why is my payment pending?,transaction_issue
"The app says my payment failed, what now?",transaction_issue
My transfer didn't appear in my account.,transaction_issue
"My transaction failed, can you help?",transaction_issue
"I can't make any purchases, what's wrong?",transaction_issue
Why was my payment declined?,transaction_issue
Why was my payment declined?,transaction_issue
Why was my payment declined?,transaction_issue
My transfer didn't appear in my account.,transaction_issue
I was charged twice for the same transaction.,transaction_issue
I was charged twice for the same transaction.,transaction_issue
"The transaction didn't go through, but I was charged.",transaction_issue
I was charged twice for the same transaction.,transaction_issue
I was charged twice for the same transaction.,transaction_issue
Why is my payment pending?,transaction_issue
"I can't make any purchases, what's wrong?",transaction_issue
Why is my payment pending?,transaction_issue
"My transaction failed, can you help?",transaction_issue
I was charged twice for the same transaction.,transaction_issue
"The transaction didn't go through, but I was charged.",transaction_issue
Why was my payment declined?,transaction_issue
My transfer didn't appear in my account.,transaction_issue
I was charged twice for the same transaction.,transaction_issue
Why was my payment declined?,transaction_issue
My transfer didn't appear in my account.,transaction_issue
I was charged twice for the same transaction.,transaction_issue
How can I dispute a transaction?,transaction_issue
"My transaction failed, can you help?",transaction_issue
"The app says my payment failed, what now?",transaction_issue
"My transaction failed, can you help?",transaction_issue
"The transaction didn't go through, but I was charged.",transaction_issue
My transfer didn't appear in my account.,transaction_issue
"My transaction failed, can you help?",transaction_issue
How can I dispute a transaction?,transaction_issue
"My transaction failed, can you help?",transaction_issue
Why was my payment declined?,transaction_issue
I was charged twice for the same transaction.,transaction_issue
I can't complete my payment.,transaction_issue
"I can't make any purchases, what's wrong?",transaction_issue
"The transaction didn't go through, but I was charged.",transaction_issue
How can I dispute a transaction?,transaction_issue
"The app says my payment failed, what now?",transaction_issue
"The transaction didn't go through, but I was charged.",transaction_issue
How can I dispute a transaction?,transaction_issue
"The app says my payment failed, what now?",transaction_issue
"My transaction failed, can you help?",transaction_issue
"I can't make any purchases, what's wrong?",transaction_issue
Why was my payment declined?,transaction_issue
My transfer didn't appear in my account.,transaction_issue
I was charged twice for the same transaction.,transaction_issue
Why is my payment pending?,transaction_issue
I can't complete my payment.,transaction_issue
"I can't make any purchases, what's wrong?",transaction_issue
Why was my payment declined?,transaction_issue
"The app says my payment failed, what now?",transaction_issue
"My transaction failed, can you help?",transaction_issue
Why is my payment pending?,transaction_issue
"The transaction didn't go through, but I was charged.",transaction_issue
How can I dispute a transaction?,transaction_issue
Why was my payment declined?,transaction_issue
Why is my payment pending?,transaction_issue
I was charged twice for the same transaction.,transaction_issue
How can I dispute a transaction?,transaction_issue
"I can't make any purchases, what's wrong?",transaction_issue
I was charged twice for the same transaction.,transaction_issue
I was charged twice for the same transaction.,transaction_issue
My transfer didn't appear in my account.,transaction_issue
Why was my payment declined?,transaction_issue
Why was my payment declined?,transaction_issue
How can I dispute a transaction?,transaction_issue
I was charged twice for the same transaction.,transaction_issue
How can I dispute a transaction?,transaction_issue
Why is my payment pending?,transaction_issue
"I can't make any purchases, what's wrong?",transaction_issue
I was charged twice for the same transaction.,transaction_issue
"The transaction didn't go through, but I was charged.",transaction_issue
Why was my payment declined?,transaction_issue
How can I dispute a transaction?,transaction_issue
How can I dispute a transaction?,transaction_issue
"I can't make any purchases, what's wrong?",transaction_issue
I can't complete my payment.,transaction_issue
Why is my payment pending?,transaction_issue
"The transaction didn't go through, but I was charged.",transaction_issue
I was charged twice for the same transaction.,transaction_issue
I can't complete my payment.,transaction_issue
"My transaction failed, can you help?",transaction_issue
My transfer didn't appear in my account.,transaction_issue
How can I dispute a transaction?,transaction_issue
I was charged twice for the same transaction.,transaction_issue
"The transaction didn't go through, but I was charged.",transaction_issue
I was charged twice for the same transaction.,transaction_issue
